Customer,Ticket Price ex VAT,Number of Travellers,Total Cost ex VAT,Ticket Type,Travel Class,Travel Date,Miles Travelled,Journey Start Point,Journey Finish Point,Air Carrier
Met Office,194.48,1,194.48,Ticket,ECONOMY,02/02/2011,440,SOUTHAMPTON,FRANKFURT,FLYBE
Met Office,-93.99,-1,-93.99,Ticket,ECONOMY,02/02/2011,-440,SOUTHAMPTON,FRANKFURT,FLYBE
Met Office,2,1,2,Ticket,ECONOMY,07/02/2011,0,EXETER,JERSEY,FLYBE
Met Office,55.51,1,55.51,Ticket,ECONOMY,05/03/2011,256,NEWCASTLE,BRISTOL,EASYJET
Met Office,266.01,1,266.01,Ticket,ECONOMY,13/04/2011,412,BIRMINGHAM,BENBECULA,FLYBE
Met Office,92.72,1,92.72,Ticket,ECONOMY,13/04/2011,450,ABERDEEN,EXETER,FLYBE
Met Office,198.4,1,198.4,Ticket,ECONOMY,14/04/2011,403,BRISTOL,ABERDEEN,EASTERN AIRWAYS
Met Office,125.48,1,125.48,Ticket,ECONOMY,15/04/2011,291,EXETER,PARIS,FLYBE
Met Office,73.74,1,73.74,Ticket,ECONOMY,19/04/2011,429,BRISTOL,INVERNESS,EASYJET
Met Office,81.49,1,81.49,Ticket,ECONOMY,20/04/2011,450,ABERDEEN,EXETER,FLYBE
Met Office,200.9,1,200.9,Ticket,ECONOMY,21/04/2011,403,BRISTOL,ABERDEEN,EASTERN AIRWAYS
Met Office,149.63,1,149.63,Ticket,ECONOMY,22/04/2011,157,BENBECULA,GLASGOW,FLYBE
Met Office,129.94,1,129.94,Ticket,ECONOMY,22/04/2011,2087,BRISTOL,PAPHOS,EASYJET
Met Office,149.52,1,149.52,Ticket,ECONOMY,23/04/2011,363,BIRMINGHAM,INVERNESS,FLYBE
Met Office,50.48,1,50.48,Ticket,ECONOMY,23/04/2011,312,GLASGOW,CARDIFF,FLYBE
Met Office,635.62,1,635.62,Ticket,ECONOMY,26/04/2011,3667,LONDON - LHR,WASHINGTON,BRITISH MIDLAND
Met Office,635.62,1,635.62,Ticket,ECONOMY,27/04/2011,3667,LONDON - LHR,WASHINGTON,BRITISH MIDLAND
Met Office,661.1,1,661.1,Ticket,ECONOMY,01/05/2011,3442,NEW YORK - JFK,LONDON - LHR,VIRGIN ATLANTIC
Met Office,569.6,1,569.6,Ticket,ECONOMY,02/05/2011,3442,NEW YORK - JFK,LONDON - LHR,KLM
Met Office,102.76,1,102.76,Ticket,ECONOMY,03/05/2011,357,GLASGOW,EXETER,FLYBE
Met Office,369.2,1,369.2,Ticket,ECONOMY,04/05/2011,2037,LARNACA,LONDON - LHR,AEGEAN AVIATION S.A
Met Office,133.2,1,133.2,Ticket,ECONOMY,05/05/2011,2037,LONDON - LHR,LARNACA,CYPRUS AIRWAYS
Met Office,109.4,1,109.4,Ticket,ECONOMY,05/05/2011,266,MANCHESTER,ABERDEEN,BRITISH MIDLAND
Met Office,185.73,1,185.73,Ticket,ECONOMY,07/05/2011,266,ABERDEEN,MANCHESTER,FLYBE
Met Office,106.94,1,106.94,Ticket,ECONOMY,08/05/2011,0,NULL,NULL,EASYJET
Met Office,105.99,1,105.99,Ticket,ECONOMY,08/05/2011,2112,BIRMINGHAM,LARNACA,THOMAS COOK AIRLINES
Met Office,150.76,1,150.76,Ticket,ECONOMY,09/05/2011,260,GLASGOW,BIRMINGHAM,FLYBE
Met Office,88.99,1,88.99,Ticket,ECONOMY,09/05/2011,360,EXETER,EDINBURGH,FLYBE
Met Office,88.99,1,88.99,Ticket,ECONOMY,09/05/2011,360,EXETER,EDINBURGH,FLYBE
Met Office,57.47,1,57.47,Ticket,ECONOMY,09/05/2011,317,EDINBURGH,BRISTOL,EASYJET
Met Office,57.47,1,57.47,Ticket,ECONOMY,09/05/2011,317,EDINBURGH,BRISTOL,EASYJET
Met Office,32,1,32,Ticket,ECONOMY,09/05/2011,0,GLASGOW,BIRMINGHAM,FLYBE
Met Office,119.5,1,119.5,Ticket,ECONOMY,10/05/2011,989,NAPLES,LONDON - LGW,BRITISH AIRWAYS
Met Office,59.77,1,59.77,Ticket,ECONOMY,10/05/2011,429,BRISTOL,INVERNESS,EASYJET
Met Office,59.77,1,59.77,Ticket,ECONOMY,10/05/2011,429,BRISTOL,INVERNESS,EASYJET
Met Office,281.3,1,281.3,Ticket,BUSINESS,11/05/2011,402,LONDON - LHR,ABERDEEN,BRITISH AIRWAYS
Met Office,58.94,1,58.94,Ticket,ECONOMY,11/05/2011,429,INVERNESS,BRISTOL,EASYJET
Met Office,40,1,40,Ticket,ECONOMY,11/05/2011,0,GENEVA,LONDON - LHR,BRITISH AIRWAYS
Met Office,40,1,40,Ticket,ECONOMY,11/05/2011,0,GENEVA,LONDON - LHR,BRITISH AIRWAYS
Met Office,40,1,40,Ticket,ECONOMY,11/05/2011,0,GENEVA,LONDON - LHR,BRITISH AIRWAYS
Met Office,129.72,1,129.72,Ticket,ECONOMY,12/05/2011,266,ABERDEEN,MANCHESTER,FLYBE
Met Office,113.6,1,113.6,Ticket,ECONOMY,12/05/2011,135,EDINBURGH,BELFAST CITY,FLYBE
Met Office,78.98,1,78.98,Ticket,ECONOMY,12/05/2011,360,EXETER,EDINBURGH,FLYBE
Met Office,78.98,1,78.98,Ticket,ECONOMY,12/05/2011,360,EXETER,EDINBURGH,FLYBE
Met Office,144.82,1,144.82,Ticket,ECONOMY,13/05/2011,2112,LARNACA,BIRMINGHAM,MONARCH AIRLINES
Met Office,91.94,1,91.94,Ticket,ECONOMY,13/05/2011,317,BRISTOL,EDINBURGH,EASYJET
Met Office,87.37,1,87.37,Ticket,ECONOMY,13/05/2011,317,EDINBURGH,BRISTOL,EASYJET
Met Office,87.37,1,87.37,Ticket,ECONOMY,13/05/2011,317,EDINBURGH,BRISTOL,EASYJET
Met Office,87.37,1,87.37,Ticket,ECONOMY,13/05/2011,317,EDINBURGH,BRISTOL,EASYJET
Met Office,87.37,1,87.37,Ticket,ECONOMY,13/05/2011,317,EDINBURGH,BRISTOL,EASYJET
Met Office,62.24,1,62.24,Ticket,ECONOMY,13/05/2011,143,BELFAST INTL,EDINBURGH,EASYJET
Met Office,73.94,1,73.94,Ticket,ECONOMY,15/05/2011,326,BRISTOL,AMSTERDAM,EASYJET
Met Office,78.64,1,78.64,Ticket,ECONOMY,16/05/2011,368,AMSTERDAM,EXETER,FLYBE
Met Office,92.48,1,92.48,Ticket,ECONOMY,17/05/2011,450,ABERDEEN,EXETER,FLYBE
Met Office,138.19,1,138.19,Ticket,ECONOMY,18/05/2011,402,LONDON - LHR,ABERDEEN,BRITISH MIDLAND
Met Office,135,1,135,Ticket,ECONOMY,18/05/2011,0,NEW YORK - JFK,LONDON - LHR,VIRGIN ATLANTIC
Met Office,92.72,1,92.72,Ticket,ECONOMY,18/05/2011,450,ABERDEEN,EXETER,FLYBE
Met Office,164.5,1,164.5,Ticket,BUSINESS,19/05/2011,0,LONDON - LHR,ABERDEEN,BRITISH MIDLAND
Met Office,160.9,1,160.9,Ticket,ECONOMY,19/05/2011,403,BRISTOL,ABERDEEN,EASTERN AIRWAYS
Met Office,90.1,1,90.1,Ticket,ECONOMY,19/05/2011,0,GENEVA,LONDON - LHR,BRITISH AIRWAYS
Met Office,69.49,1,69.49,Ticket,ECONOMY,19/05/2011,360,EDINBURGH,EXETER,FLYBE
Met Office,160.9,1,160.9,Ticket,ECONOMY,20/05/2011,403,BRISTOL,ABERDEEN,EASTERN AIRWAYS
Met Office,127.3,1,127.3,Ticket,ECONOMY,20/05/2011,402,LONDON - LHR,ABERDEEN,BRITISH AIRWAYS
Met Office,159,1,159,Ticket,ECONOMY,22/05/2011,403,ABERDEEN,BRISTOL,EASTERN AIRWAYS
Met Office,91.49,1,91.49,Ticket,ECONOMY,24/05/2011,368,EXETER,AMSTERDAM,FLYBE
Met Office,167.5,1,167.5,Ticket,ECONOMY,26/05/2011,0,GENEVA,LONDON - LHR,BRITISH AIRWAYS
Met Office,54.5,1,54.5,Ticket,ECONOMY,26/05/2011,0,GENEVA,LONDON - LGW,EASYJET
Met Office,54.5,1,54.5,Ticket,ECONOMY,26/05/2011,0,GENEVA,LONDON - LGW,EASYJET
Met Office,-65.07,-1,-65.07,Ticket,ECONOMY,26/05/2011,-360,EXETER,EDINBURGH,FLYBE
Met Office,151.06,1,151.06,Ticket,ECONOMY,27/05/2011,0,BENBECULA,GLASGOW,FLYBE
Met Office,119.32,1,119.32,Ticket,ECONOMY,28/05/2011,363,INVERNESS,BIRMINGHAM,FLYBE
Met Office,83.14,1,83.14,Ticket,ECONOMY,28/05/2011,0,GLASGOW,CARDIFF,FLYBE
Met Office,74.94,1,74.94,Ticket,ECONOMY,30/05/2011,326,BRISTOL,AMSTERDAM,EASYJET
Met Office,51.99,1,51.99,Ticket,ECONOMY,31/05/2011,206,BRISTOL,DUBLIN,RYANAIR
Met Office,547.4,1,547.4,Ticket,BUSINESS,01/06/2011,326,AMSTERDAM,BRISTOL,KLM
Met Office,69.8,1,69.8,Ticket,ECONOMY,01/06/2011,315,ROME,REGGIO CALABRIA,ALITALIA
Met Office,59.48,1,59.48,Ticket,ECONOMY,01/06/2011,135,EDINBURGH,BELFAST CITY,FLYBE
Met Office,145.99,1,145.99,Ticket,ECONOMY,02/06/2011,287,BELFAST CITY,EXETER,FLYBE
Met Office,83.24,1,83.24,Ticket,ECONOMY,02/06/2011,695,BRISTOL,BERLIN,EASYJET
Met Office,78.48,1,78.48,Ticket,ECONOMY,02/06/2011,287,EXETER,BELFAST CITY,FLYBE
Met Office,43.48,1,43.48,Ticket,ECONOMY,02/06/2011,135,BELFAST CITY,EDINBURGH,FLYBE
Met Office,326.8,1,326.8,Ticket,ECONOMY,04/06/2011,2573,KUALA LUMPUR,PERTH AUS,MALAYSIA AIRLINES SYSTEMS
Met Office,49.06,1,49.06,Ticket,ECONOMY,04/06/2011,261,PALERMO,ROME,EASYJET
Met Office,95.48,1,95.48,Ticket,ECONOMY,05/06/2011,259,BELFAST CITY,BRISTOL,FLYBE
Met Office,182.21,1,182.21,Ticket,ECONOMY,06/06/2011,0,NULL,NULL,FLYBE
Met Office,159,1,159,Ticket,ECONOMY,07/06/2011,403,ABERDEEN,BRISTOL,EASTERN AIRWAYS
Met Office,73.97,1,73.97,Ticket,ECONOMY,07/06/2011,849,LEEDS,VENICE,JET 2
Met Office,170,1,170,Ticket,ECONOMY,08/06/2011,342,ABERDEEN,NORWICH,EASTERN AIRWAYS
Met Office,167.5,1,167.5,Ticket,ECONOMY,08/06/2011,342,ABERDEEN,NORWICH,BRITISH MIDLAND
Met Office,167.5,1,167.5,Ticket,ECONOMY,08/06/2011,342,ABERDEEN,NORWICH,BRITISH MIDLAND
Met Office,83.8,1,83.8,Ticket,ECONOMY,08/06/2011,589,BERLIN,LUTON,EASYJET
Met Office,55.99,1,55.99,Ticket,ECONOMY,08/06/2011,331,LONDON - LHR,EDINBURGH,BRITISH MIDLAND
Met Office,172.6,1,172.6,Ticket,ECONOMY,09/06/2011,342,NORWICH,ABERDEEN,EASTERN AIRWAYS
Met Office,61.49,1,61.49,Ticket,ECONOMY,09/06/2011,360,EDINBURGH,EXETER,FLYBE
Met Office,51.24,1,51.24,Ticket,ECONOMY,09/06/2011,317,BRISTOL,EDINBURGH,EASYJET
Met Office,51.49,1,51.49,Ticket,ECONOMY,10/06/2011,360,EDINBURGH,EXETER,FLYBE
Met Office,79.31,1,79.31,Ticket,ECONOMY,12/06/2011,758,ORIO AL SERIO,LEEDS,JET 2
Met Office,60,1,60,Ticket,PREMIUM ECONOMY,14/06/2011,0,STAVANGER,ABERDEEN,SCANDINAVIAN AIRLINES
Met Office,86.91,1,86.91,Ticket,ECONOMY,15/06/2011,1050,LEEDS,ROME,JET 2
Met Office,62.48,1,62.48,Ticket,ECONOMY,15/06/2011,360,EDINBURGH,EXETER,FLYBE
Met Office,158.75,1,158.75,Ticket,ECONOMY,18/06/2011,1665,BOURNEMOUTH,FUERTEVENTURA,RYANAIR
Met Office,94.49,1,94.49,Ticket,ECONOMY,18/06/2011,229,EXETER,LEEDS,FLYBE
Met Office,-347.6,-1,-347.6,Ticket,ECONOMY,19/06/2011,-5353,SAN FRANCISCO,LONDON - LHR,BRITISH MIDLAND
Met Office,441,1,441,Ticket,ECONOMY,20/06/2011,1415,MOUNT PLEASANT,SANTIAGO,LAN CHILE
Met Office,293.27,1,293.27,Ticket,ECONOMY,20/06/2011,309,ABERDEEN,STAVANGER,SCANDINAVIAN AIRLINES
Met Office,129.61,1,129.61,Ticket,ECONOMY,20/06/2011,890,PISA,LEEDS,JET 2
Met Office,-441,-1,-441,Ticket,ECONOMY,20/06/2011,-1415,MOUNT PLEASANT,SANTIAGO,LAN CHILE
Met Office,48.18,1,48.18,Ticket,ECONOMY,21/06/2011,588,LONDON - LHR,BERLIN,LUFTHANSA
Met Office,178.48,1,178.48,Ticket,ECONOMY,22/06/2011,177,GLASGOW,STORNOWAY,FLYBE
Met Office,77.13,1,77.13,Ticket,ECONOMY,22/06/2011,589,BERLIN,LUTON,EASYJET
Met Office,123.14,1,123.14,Ticket,ECONOMY,23/06/2011,96,STORNOWAY,INVERNESS,FLYBE
Met Office,-34.58,-1,-34.58,Ticket,ECONOMY,23/06/2011,-588,LONDON - LHR,BERLIN,LUFTHANSA
Met Office,143.02,1,143.02,Ticket,ECONOMY,25/06/2011,187,MANCHESTER,EXETER,FLYBE
Met Office,94.49,1,94.49,Ticket,ECONOMY,25/06/2011,229,EXETER,LEEDS,FLYBE
Met Office,75.24,1,75.24,Ticket,ECONOMY,26/06/2011,568,BRISTOL,TOULOUSE,EASYJET
Met Office,80.94,1,80.94,Ticket,ECONOMY,27/06/2011,317,EDINBURGH,BRISTOL,EASYJET
Met Office,80.94,1,80.94,Ticket,ECONOMY,27/06/2011,317,EDINBURGH,BRISTOL,EASYJET
Met Office,9,1,9,Ticket,ECONOMY,28/06/2011,0,BRISTOL,TOULOUSE,EASYJET
Met Office,-9,-1,-9,Ticket,ECONOMY,28/06/2011,0,BRISTOL,TOULOUSE,EASYJET
Met Office,124.4,1,124.4,Ticket,ECONOMY,30/06/2011,117,DUSSELDORF,FRANKFURT,LUFTHANSA
Met Office,94.28,1,94.28,Ticket,ECONOMY,30/06/2011,1762,FUERTEVENTURA,LUTON,RYANAIR
Met Office,62.48,1,62.48,Ticket,ECONOMY,30/06/2011,360,EXETER,EDINBURGH,FLYBE
Met Office,62.48,1,62.48,Ticket,ECONOMY,30/06/2011,360,EXETER,EDINBURGH,FLYBE
Met Office,81.3,1,81.3,Ticket,ECONOMY,01/07/2011,588,LONDON - LHR,BERLIN,BRITISH AIRWAYS
Met Office,81.3,1,81.3,Ticket,ECONOMY,01/07/2011,588,LONDON - LHR,BERLIN,BRITISH AIRWAYS
Met Office,149.72,1,149.72,Ticket,ECONOMY,03/07/2011,266,ABERDEEN,MANCHESTER,FLYBE
Met Office,111.46,1,111.46,Ticket,ECONOMY,03/07/2011,695,BERLIN,BRISTOL,EASYJET
Met Office,111.46,1,111.46,Ticket,ECONOMY,03/07/2011,695,BERLIN,BRISTOL,EASYJET
Met Office,265.87,1,265.87,Ticket,ECONOMY,06/07/2011,637,LERWICK,EXETER,FLYBE
Met Office,186.96,1,186.96,Ticket,ECONOMY,06/07/2011,0,NULL,NULL,FLYBE
Met Office,116.48,1,116.48,Ticket,ECONOMY,07/07/2011,450,EXETER,ABERDEEN,FLYBE
Met Office,230.3,1,230.3,Ticket,ECONOMY,08/07/2011,588,LONDON - LHR,BERLIN,BRITISH AIRWAYS
Met Office,210.42,1,210.42,Ticket,ECONOMY,08/07/2011,282,EDINBURGH,LERWICK,FLYBE
Met Office,133.32,1,133.32,Ticket,ECONOMY,08/07/2011,363,INVERNESS,BIRMINGHAM,FLYBE
Met Office,62.48,1,62.48,Ticket,ECONOMY,08/07/2011,360,EXETER,EDINBURGH,FLYBE
Met Office,100.55,1,100.55,Ticket,ECONOMY,09/07/2011,0,BERLIN,LUTON,EASYJET
Met Office,93.32,1,93.32,Ticket,ECONOMY,10/07/2011,579,LA ROCHELLE FR,BRISTOL,EASYJET
Met Office,247.48,1,247.48,Ticket,ECONOMY,11/07/2011,0,NULL,NULL,FLYBE
Met Office,10,1,10,Ticket,ECONOMY,12/07/2011,0,LA ROCHELLE FR,BRISTOL,EASYJET
Met Office,-9.69,-1,-9.69,Ticket,ECONOMY,12/07/2011,0,LA ROCHELLE FR,BRISTOL,EASYJET
Met Office,199,1,199,Ticket,ECONOMY,13/07/2011,403,ABERDEEN,BRISTOL,EASTERN AIRWAYS
Met Office,92.48,1,92.48,Ticket,ECONOMY,13/07/2011,250,EDINBURGH,BIRMINGHAM,FLYBE
Met Office,72.48,1,72.48,Ticket,ECONOMY,13/07/2011,250,EDINBURGH,BIRMINGHAM,FLYBE
Met Office,144.48,1,144.48,Ticket,ECONOMY,14/07/2011,450,ABERDEEN,EXETER,FLYBE
Met Office,322.5,1,322.5,Ticket,ECONOMY,16/07/2011,309,STAVANGER,ABERDEEN,SCANDINAVIAN AIRLINES
Met Office,322.5,1,322.5,Ticket,ECONOMY,16/07/2011,309,STAVANGER,ABERDEEN,SCANDINAVIAN AIRLINES
Met Office,322.5,1,322.5,Ticket,ECONOMY,16/07/2011,309,STAVANGER,ABERDEEN,SCANDINAVIAN AIRLINES
Met Office,322.5,1,322.5,Ticket,ECONOMY,16/07/2011,309,STAVANGER,ABERDEEN,SCANDINAVIAN AIRLINES
Met Office,172,1,172,Ticket,ECONOMY,16/07/2011,0,ABERDEEN,LONDON - LHR,BRITISH AIRWAYS
Met Office,60,1,60,Ticket,ECONOMY,16/07/2011,0,ABERDEEN,LONDON - LHR,BRITISH AIRWAYS
Met Office,-322.5,-1,-322.5,Ticket,ECONOMY,16/07/2011,-309,STAVANGER,ABERDEEN,SCANDINAVIAN AIRLINES
Met Office,-322.5,-1,-322.5,Ticket,ECONOMY,16/07/2011,-309,STAVANGER,ABERDEEN,SCANDINAVIAN AIRLINES
Met Office,129.48,1,129.48,Ticket,ECONOMY,17/07/2011,450,EXETER,ABERDEEN,FLYBE
Met Office,60,1,60,Ticket,BUSINESS,17/07/2011,3667,WASHINGTON,LONDON - LHR,BRITISH AIRWAYS INTERNET BOOKI
Met Office,264,1,264,Ticket,ECONOMY,18/07/2011,487,MONTREAL,WASHINGTON - NATIONAL,AIR CANADA
Met Office,207.1,1,207.1,Ticket,BUSINESS,19/07/2011,249,ACCRA,LAGOS,VIRGIN NIGERIA AIRWAYS
Met Office,190.48,1,190.48,Ticket,ECONOMY,19/07/2011,450,EXETER,ABERDEEN,FLYBE
Met Office,159.48,1,159.48,Ticket,ECONOMY,19/07/2011,450,EXETER,ABERDEEN,FLYBE
Met Office,102.48,1,102.48,Ticket,ECONOMY,19/07/2011,199,EXETER,RENNES,FLYBE
Met Office,192,1,192,Ticket,ECONOMY,20/07/2011,433,ABERDEEN,SOUTHAMPTON,EASTERN AIRWAYS
Met Office,163.24,1,163.24,Ticket,ECONOMY,21/07/2011,188,ABERDEEN,LERWICK,FLYBE
Met Office,159,1,159,Ticket,ECONOMY,21/07/2011,403,ABERDEEN,BRISTOL,EASTERN AIRWAYS
Met Office,119.99,1,119.99,Ticket,ECONOMY,21/07/2011,0,NULL,NULL,FLYBE
Met Office,94.48,1,94.48,Ticket,ECONOMY,21/07/2011,450,EXETER,ABERDEEN,FLYBE
Met Office,74.48,1,74.48,Ticket,ECONOMY,23/07/2011,360,EXETER,EDINBURGH,FLYBE
Met Office,184,1,184,Ticket,ECONOMY,24/07/2011,1980,PAPHOS,LONDON - LGW,EASYJET
Met Office,178.86,1,178.86,Ticket,ECONOMY,24/07/2011,637,LERWICK,EXETER,FLYBE
Met Office,117.48,1,117.48,Ticket,ECONOMY,24/07/2011,450,EXETER,ABERDEEN,FLYBE
Met Office,114.01,1,114.01,Ticket,ECONOMY,24/07/2011,0,GIBRALTAR,LUTON,MONARCH AIRLINES
Met Office,43.49,1,43.49,Ticket,ECONOMY,24/07/2011,0,GIBRALTAR,LUTON,MONARCH AIRLINES
Met Office,82.7,1,82.7,Ticket,ECONOMY,25/07/2011,220,BREST,SOUTHAMPTON,FLYBE
Met Office,130.48,1,130.48,Ticket,ECONOMY,26/07/2011,450,ABERDEEN,EXETER,FLYBE
Met Office,91.94,1,91.94,Ticket,ECONOMY,26/07/2011,418,LUTON,INVERNESS,EASYJET
Met Office,130.48,1,130.48,Ticket,ECONOMY,30/07/2011,0,NULL,NULL,FLYBE
Met Office,117,1,117,Ticket,ECONOMY,30/07/2011,214,PLYMOUTH,CORK,AIR SOUTHWEST
Met Office,117,1,117,Ticket,ECONOMY,30/07/2011,214,PLYMOUTH,CORK,AIR SOUTHWEST
Met Office,131.48,1,131.48,Ticket,ECONOMY,31/07/2011,287,BELFAST CITY,EXETER,FLYBE
Met Office,95.72,1,95.72,Ticket,ECONOMY,31/07/2011,222,DUBLIN,EXETER,FLYBE
Met Office,95.72,1,95.72,Ticket,ECONOMY,31/07/2011,222,DUBLIN,EXETER,FLYBE
Met Office,72.48,1,72.48,Ticket,ECONOMY,31/07/2011,360,EDINBURGH,EXETER,FLYBE
Met Office,1,1,1,Ticket,ECONOMY,31/07/2011,0,BELFAST CITY,EXETER,FLYBE
Met Office,69.28,1,69.28,Ticket,ECONOMY,04/08/2011,103,GLASGOW,TIREE,FLYBE
Met Office,55,1,55,Ticket,ECONOMY,05/08/2011,5035,TIREE,OLANCHITO,MISC SUPPLIERS
Met Office,47.6,1,47.6,Ticket,ECONOMY,05/08/2011,360,CORK,LONDON - LGW,RYANAIR
Met Office,165.75,1,165.75,Ticket,ECONOMY,06/08/2011,0,ABERDEEN,EXETER,FLYBE
Met Office,130.48,1,130.48,Ticket,ECONOMY,06/08/2011,450,ABERDEEN,EXETER,FLYBE
Met Office,57.14,1,57.14,Ticket,ECONOMY,06/08/2011,72,GLENEGEDALE,GLASGOW,FLYBE
Met Office,30,1,30,Ticket,ECONOMY,06/08/2011,0,STAVANGER,ABERDEEN,SCANDINAVIAN AIRLINES
Met Office,0,1,0,Ticket,ECONOMY,06/08/2011,0,STAVANGER,ABERDEEN,SCANDINAVIAN AIRLINES
Met Office,175.48,1,175.48,Ticket,ECONOMY,07/08/2011,450,ABERDEEN,EXETER,FLYBE
Met Office,127.94,1,127.94,Ticket,ECONOMY,08/08/2011,2234,EDINBURGH,PAPHOS,EASYJET
Met Office,35,1,35,Ticket,ECONOMY,08/08/2011,0,LONDON - LHR,LONDON - LHR,AMERICAN AIRLINES
Met Office,90.24,1,90.24,Ticket,ECONOMY,09/08/2011,269,BRISTOL,BELFAST INTL,EASYJET
Met Office,97.49,1,97.49,Ticket,ECONOMY,12/08/2011,287,BELFAST CITY,EXETER,FLYBE
Met Office,106.74,1,106.74,Ticket,ECONOMY,16/08/2011,269,BRISTOL,BELFAST INTL,EASYJET
Met Office,39,1,39,Ticket,ECONOMY,16/08/2011,402,LONDON - LHR,ABERDEEN,BRITISH MIDLAND
Met Office,-22.5,-1,-22.5,Ticket,ECONOMY,16/08/2011,-402,LONDON - LHR,ABERDEEN,BRITISH MIDLAND
Met Office,231.2,1,231.2,Ticket,ECONOMY,18/08/2011,2037,LARNACA,LONDON - LHR,BRITISH AIRWAYS
Met Office,231.2,1,231.2,Ticket,ECONOMY,18/08/2011,2037,LARNACA,LONDON - LHR,BRITISH AIRWAYS
Met Office,40,1,40,Ticket,ECONOMY,18/08/2011,0,ABERDEEN,LERWICK,FLYBE
Met Office,34,1,34,Ticket,ECONOMY,18/08/2011,0,EXETER,ABERDEEN,FLYBE
Met Office,108.49,1,108.49,Ticket,ECONOMY,19/08/2011,287,BELFAST CITY,EXETER,FLYBE
Met Office,74.24,1,74.24,Ticket,ECONOMY,23/08/2011,269,BRISTOL,BELFAST INTL,EASYJET
Met Office,291.33,1,291.33,Ticket,ECONOMY,24/08/2011,0,NULL,NULL,FLYBE
Met Office,65.24,1,65.24,Ticket,ECONOMY,24/08/2011,317,BRISTOL,EDINBURGH,EASYJET
Met Office,91.49,1,91.49,Ticket,ECONOMY,25/08/2011,360,EDINBURGH,EXETER,FLYBE
Met Office,167.3,1,167.3,Ticket,ECONOMY,27/08/2011,402,LONDON - LHR,ABERDEEN,BRITISH AIRWAYS
Met Office,138.73,1,138.73,Ticket,ECONOMY,27/08/2011,266,ABERDEEN,MANCHESTER,FLYBE
Met Office,129.4,1,129.4,Ticket,ECONOMY,27/08/2011,266,MANCHESTER,ABERDEEN,BRITISH MIDLAND
Met Office,331.57,1,331.57,Ticket,ECONOMY,28/08/2011,309,ABERDEEN,STAVANGER,SCANDINAVIAN AIRLINES
Met Office,83.48,1,83.48,Ticket,ECONOMY,28/08/2011,494,BIRMINGHAM,HAMBURG,FLYBE
Met Office,138.3,1,138.3,Ticket,ECONOMY,30/08/2011,585,LONDON - LHR,MUNICH,BRITISH AIRWAYS
Met Office,88.48,1,88.48,Ticket,ECONOMY,01/09/2011,360,EXETER,EDINBURGH,FLYBE
Met Office,188.42,1,188.42,Ticket,ECONOMY,02/09/2011,282,EDINBURGH,LERWICK,FLYBE
Met Office,173.14,1,173.14,Ticket,ECONOMY,02/09/2011,157,BENBECULA,GLASGOW,FLYBE
Met Office,92.9,1,92.9,Ticket,ECONOMY,02/09/2011,585,MUNICH,LONDON - LHR,BRITISH AIRWAYS
Met Office,46.5,1,46.5,Ticket,ECONOMY,02/09/2011,0,EDINBURGH,EXETER,FLYBE
Met Office,274.62,1,274.62,Ticket,ECONOMY,04/09/2011,637,LERWICK,EXETER,FLYBE
Met Office,127.69,1,127.69,Ticket,ECONOMY,04/09/2011,331,LONDON - LHR,EDINBURGH,BRITISH MIDLAND
Met Office,50.94,1,50.94,Ticket,ECONOMY,04/09/2011,317,EDINBURGH,BRISTOL,EASYJET
Met Office,409.9,1,409.9,Ticket,ECONOMY,05/09/2011,564,STAVANGER,LONDON - LHR,BRITISH MIDLAND
Met Office,196,1,196,Ticket,ECONOMY,06/09/2011,304,EAST MIDLANDS,ABERDEEN,EASTERN AIRWAYS
Met Office,178.3,1,178.3,Ticket,ECONOMY,06/09/2011,749,LONDON - LHR,OSLO,BRITISH AIRWAYS
Met Office,60,1,60,Ticket,ECONOMY,06/09/2011,0,LONDON - LHR,GENEVA,BRITISH AIRWAYS
Met Office,16,1,16,Ticket,ECONOMY,06/09/2011,0,LONDON - LHR,GENEVA,BRITISH AIRWAYS
Met Office,218.9,1,218.9,Ticket,ECONOMY,07/09/2011,266,MANCHESTER,ABERDEEN,BRITISH MIDLAND
Met Office,137.49,1,137.49,Ticket,ECONOMY,07/09/2011,0,NULL,NULL,FLYBE
Met Office,120.48,1,120.48,Ticket,ECONOMY,07/09/2011,450,EXETER,ABERDEEN,FLYBE
Met Office,120.48,1,120.48,Ticket,ECONOMY,07/09/2011,450,EXETER,ABERDEEN,FLYBE
Met Office,114.8,1,114.8,Ticket,ECONOMY,07/09/2011,585,MUNICH,LONDON - LHR,BRITISH AIRWAYS
Met Office,109.94,1,109.94,Ticket,ECONOMY,07/09/2011,429,INVERNESS,BRISTOL,EASYJET
Met Office,90.24,1,90.24,Ticket,ECONOMY,07/09/2011,317,EDINBURGH,BRISTOL,EASYJET
Met Office,69.48,1,69.48,Ticket,ECONOMY,07/09/2011,266,ABERDEEN,MANCHESTER,FLYBE
Met Office,91.37,1,91.37,Ticket,ECONOMY,08/09/2011,326,AMSTERDAM,BRISTOL,EASYJET
Met Office,104.59,1,104.59,Ticket,ECONOMY,09/09/2011,0,ABERDEEN,MANCHESTER,FLYBE
Met Office,89.4,1,89.4,Ticket,ECONOMY,09/09/2011,266,MANCHESTER,ABERDEEN,BRITISH MIDLAND
Met Office,88.3,1,88.3,Ticket,ECONOMY,09/09/2011,549,LONDON - LHR,TOULOUSE,BRITISH AIRWAYS
Met Office,75.49,1,75.49,Ticket,ECONOMY,09/09/2011,0,NULL,NULL,FLYBE
Met Office,74.48,1,74.48,Ticket,ECONOMY,09/09/2011,187,EXETER,MANCHESTER,FLYBE
Met Office,73.48,1,73.48,Ticket,ECONOMY,09/09/2011,450,EXETER,ABERDEEN,FLYBE
Met Office,62.48,1,62.48,Ticket,ECONOMY,09/09/2011,360,EDINBURGH,EXETER,FLYBE
Met Office,62.48,1,62.48,Ticket,ECONOMY,09/09/2011,360,EDINBURGH,EXETER,FLYBE
Met Office,82.85,1,82.85,Ticket,ECONOMY,10/09/2011,568,TOULOUSE,BRISTOL,EASYJET
Met Office,77.83,1,77.83,Ticket,ECONOMY,10/09/2011,360,EXETER,EDINBURGH,FLYBE
Met Office,51.49,1,51.49,Ticket,ECONOMY,10/09/2011,0,NULL,NULL,FLYBE
Met Office,156.14,1,156.14,Ticket,ECONOMY,11/09/2011,188,LERWICK,ABERDEEN,FLYBE
Met Office,149.48,1,149.48,Ticket,ECONOMY,11/09/2011,231,ABERDEEN,LEEDS,FLYBE
Met Office,94.3,1,94.3,Ticket,ECONOMY,12/09/2011,588,LONDON - LHR,BERLIN,BRITISH AIRWAYS
Met Office,66.99,1,66.99,Ticket,ECONOMY,13/09/2011,192,EDINBURGH,STORNOWAY,FLYBE
Met Office,81.94,1,81.94,Ticket,ECONOMY,14/09/2011,317,EDINBURGH,BRISTOL,EASYJET
Met Office,110.48,1,110.48,Ticket,ECONOMY,15/09/2011,450,ABERDEEN,EXETER,FLYBE
Met Office,98.98,1,98.98,Ticket,ECONOMY,15/09/2011,530,STORNOWAY,EXETER,FLYBE
Met Office,134.39,1,134.39,Ticket,ECONOMY,16/09/2011,585,LONDON - LHR,MUNICH,LUFTHANSA
Met Office,638.03,1,638.03,Ticket,ECONOMY,17/09/2011,1313,LONDON - LHR,ST PETERSBURG,BRITISH AIRWAYS
Met Office,98,1,98,Ticket,ECONOMY,17/09/2011,695,BERLIN,BRISTOL,EASYJET
Met Office,68.87,1,68.87,Ticket,ECONOMY,17/09/2011,360,EXETER,EDINBURGH,FLYBE
Met Office,-638.03,-1,-638.03,Ticket,ECONOMY,17/09/2011,-1313,LONDON - LHR,ST PETERSBURG,BRITISH AIRWAYS
Met Office,154.94,1,154.94,Ticket,ECONOMY,18/09/2011,429,INVERNESS,BRISTOL,EASYJET
Met Office,69,1,69,Ticket,ECONOMY,18/09/2011,331,EDINBURGH,LONDON - LHR,BRITISH MIDLAND
Met Office,111.7,1,111.7,Ticket,ECONOMY,19/09/2011,368,AMSTERDAM,EXETER,FLYBE
Met Office,106.67,1,106.67,Ticket,ECONOMY,19/09/2011,363,INVERNESS,BIRMINGHAM,FLYBE
Met Office,101.83,1,101.83,Ticket,ECONOMY,22/09/2011,229,EXETER,LEEDS,FLYBE
Met Office,101.83,1,101.83,Ticket,ECONOMY,22/09/2011,229,EXETER,LEEDS,FLYBE
Met Office,94.83,1,94.83,Ticket,ECONOMY,22/09/2011,360,EXETER,EDINBURGH,FLYBE
Met Office,94.83,1,94.83,Ticket,ECONOMY,22/09/2011,360,EXETER,EDINBURGH,FLYBE
Met Office,53.3,1,53.3,Ticket,ECONOMY,22/09/2011,469,LONDON - LHR,GENEVA,BRITISH AIRWAYS
Met Office,239.93,1,239.93,Ticket,ECONOMY,23/09/2011,450,ABERDEEN,EXETER,FLYBE
Met Office,239.93,1,239.93,Ticket,BUSINESS,23/09/2011,450,ABERDEEN,EXETER,FLYBE
Met Office,94.83,1,94.83,Ticket,ECONOMY,23/09/2011,450,ABERDEEN,EXETER,FLYBE
Met Office,-94.83,-1,-94.83,Ticket,ECONOMY,23/09/2011,-450,ABERDEEN,EXETER,FLYBE
Met Office,345.9,1,345.9,Ticket,ECONOMY,24/09/2011,309,STAVANGER,ABERDEEN,EASTERN AIRWAYS
Met Office,223.74,1,223.74,Ticket,ECONOMY,24/09/2011,329,ABERDEEN,BIRMINGHAM,FLYBE
Met Office,76.48,1,76.48,Ticket,ECONOMY,24/09/2011,306,NEWCASTLE,EXETER,FLYBE
Met Office,76.48,1,76.48,Ticket,ECONOMY,24/09/2011,306,NEWCASTLE,EXETER,FLYBE
Met Office,54.94,1,54.94,Ticket,ECONOMY,27/09/2011,536,BRISTOL,GENEVA,EASYJET
Met Office,117.8,1,117.8,Ticket,ECONOMY,28/09/2011,135,BRISTOL,GUERNSEY,AURIGNY AIR SERVICES
Met Office,325.5,1,325.5,Ticket,ECONOMY,29/09/2011,0,NULL,NULL,AIR FRANCE
Met Office,295.5,1,295.5,Ticket,ECONOMY,29/09/2011,0,NULL,NULL,AIR FRANCE
Met Office,150.24,1,150.24,Ticket,ECONOMY,29/09/2011,318,GLASGOW,BRISTOL,EASYJET
Met Office,97.98,1,97.98,Ticket,ECONOMY,29/09/2011,353,GLASGOW,LONDON -CITY,BRITISH AIRWAYS
Met Office,96.48,1,96.48,Ticket,ECONOMY,29/09/2011,450,EXETER,ABERDEEN,FLYBE
Met Office,96.48,1,96.48,Ticket,ECONOMY,29/09/2011,450,EXETER,ABERDEEN,FLYBE
Met Office,52.48,1,52.48,Ticket,ECONOMY,29/09/2011,222,EXETER,DUBLIN,FLYBE
Met Office,43.24,1,43.24,Ticket,ECONOMY,29/09/2011,318,BRISTOL,GLASGOW,EASYJET
Met Office,-20.48,-1,-20.48,Ticket,ECONOMY,29/09/2011,-353,GLASGOW,LONDON -CITY,BRITISH AIRWAYS
Met Office,256.7,1,256.7,Ticket,ECONOMY,30/09/2011,488,PARIS,DUBLIN,AIR FRANCE
Met Office,210.93,1,210.93,Ticket,ECONOMY,30/09/2011,450,ABERDEEN,EXETER,FLYBE
Met Office,75.24,1,75.24,Ticket,ECONOMY,30/09/2011,309,BELFAST INTL,LUTON,EASYJET
Met Office,52.64,1,52.64,Ticket,ECONOMY,30/09/2011,24,GUERNSEY,JERSEY,AURIGNY AIR SERVICES
Met Office,100.83,1,100.83,Ticket,ECONOMY,01/10/2011,312,CARDIFF,GLASGOW,FLYBE
Met Office,178.48,1,178.48,Ticket,ECONOMY,02/10/2011,157,GLASGOW,BENBECULA,FLYBE
Met Office,174.69,1,174.69,Ticket,ECONOMY,02/10/2011,287,BELFAST CITY,EXETER,FLYBE
Met Office,151.29,1,151.29,Ticket,ECONOMY,02/10/2011,536,GENEVA,BRISTOL,EASYJET
Met Office,112.49,1,112.49,Ticket,ECONOMY,02/10/2011,450,ABERDEEN,EXETER,FLYBE
Met Office,108.48,1,108.48,Ticket,ECONOMY,02/10/2011,152,JERSEY,BRISTOL,FLYBE
Met Office,61.79,1,61.79,Ticket,ECONOMY,02/10/2011,206,DUBLIN,BRISTOL,AER LINGUS
Met Office,60.48,1,60.48,Ticket,ECONOMY,02/10/2011,104,GLASGOW,BELFAST CITY,FLYBE
Met Office,756.13,1,756.13,Ticket,ECONOMY,03/10/2011,3240,LONDON - LHR,MONTREAL,BRITISH AIRWAYS
Met Office,129.44,1,129.44,Ticket,ECONOMY,03/10/2011,1665,LONDON - LGW,KOS,THOMSON FLY
Met Office,217,1,217,Ticket,PREMIUM ECONOMY,04/10/2011,2468,LOS ANGELES,MONTREAL,AIR CANADA
Met Office,169.1,1,169.1,Ticket,ECONOMY,04/10/2011,279,DUBLIN,LONDON - LHR,BRITISH MIDLAND
Met Office,137.48,1,137.48,Ticket,ECONOMY,05/10/2011,450,EXETER,ABERDEEN,FLYBE
Met Office,73.48,1,73.48,Ticket,ECONOMY,05/10/2011,450,ABERDEEN,EXETER,FLYBE
Met Office,255,1,255,Ticket,PREMIUM ECONOMY,06/10/2011,487,MONTREAL,WASHINGTON - NATIONAL,AIR CANADA
Met Office,73.48,1,73.48,Ticket,ECONOMY,06/10/2011,450,ABERDEEN,EXETER,FLYBE
Met Office,160.9,1,160.9,Ticket,ECONOMY,07/10/2011,403,BRISTOL,ABERDEEN,EASTERN AIRWAYS
Met Office,80.83,1,80.83,Ticket,ECONOMY,07/10/2011,360,EXETER,EDINBURGH,FLYBE
Met Office,832.7,1,832.7,Ticket,ECONOMY,08/10/2011,3240,MONTREAL,LONDON - LHR,BRITISH AIRWAYS
Met Office,156.79,1,156.79,Ticket,ECONOMY,08/10/2011,1665,KOS,LONDON - LGW,EASYJET
Met Office,81.11,1,81.11,Ticket,ECONOMY,08/10/2011,797,GDANSK,LUTON,WIZZAIR
Met Office,49.94,1,49.94,Ticket,ECONOMY,08/10/2011,429,BRISTOL,INVERNESS,EASYJET
Met Office,21,1,21,Ticket,ECONOMY,08/10/2011,0,BRISTOL,INVERNESS,EASYJET
Met Office,9.3,1,9.3,Ticket,ECONOMY,08/10/2011,0,WASHINGTON,LONDON - LHR,BRITISH AIRWAYS
Met Office,-21,-1,-21,Ticket,ECONOMY,08/10/2011,0,BRISTOL,INVERNESS,EASYJET
Met Office,810.6,1,810.6,Ticket,ECONOMY,09/10/2011,3667,WASHINGTON,LONDON - LHR,BRITISH AIRWAYS
Met Office,110.83,1,110.83,Ticket,ECONOMY,09/10/2011,360,EDINBURGH,EXETER,FLYBE
Met Office,96.94,1,96.94,Ticket,ECONOMY,10/10/2011,1115,LONDON - LGW,PALERMO,EASYJET
Met Office,96.48,1,96.48,Ticket,ECONOMY,13/10/2011,450,ABERDEEN,EXETER,FLYBE
Met Office,90.84,1,90.84,Ticket,ECONOMY,13/10/2011,306,EXETER,NEWCASTLE,FLYBE
Met Office,81.83,1,81.83,Ticket,ECONOMY,13/10/2011,360,EXETER,EDINBURGH,FLYBE
Met Office,80.83,1,80.83,Ticket,ECONOMY,13/10/2011,360,EXETER,EDINBURGH,FLYBE
Met Office,43.5,1,43.5,Ticket,ECONOMY,13/10/2011,251,NEWCASTLE,LONDON - LHR,BRITISH AIRWAYS
Met Office,177.87,1,177.87,Ticket,ECONOMY,15/10/2011,1449,DENVER,WASHINGTON,AIR SOUTHWEST
Met Office,177.87,1,177.87,Ticket,ECONOMY,15/10/2011,1449,DENVER,WASHINGTON,AIR SOUTHWEST
Met Office,101.84,1,101.84,Ticket,ECONOMY,15/10/2011,229,EXETER,LEEDS,FLYBE
Met Office,173.14,1,173.14,Ticket,ECONOMY,16/10/2011,157,BENBECULA,GLASGOW,FLYBE
Met Office,56.92,1,56.92,Ticket,ECONOMY,16/10/2011,331,EDINBURGH,LONDON - LHR,BRITISH AIRWAYS
Met Office,179.12,1,179.12,Ticket,ECONOMY,17/10/2011,312,GLASGOW,CARDIFF,FLYBE
Met Office,175.12,1,175.12,Ticket,ECONOMY,17/10/2011,312,GLASGOW,CARDIFF,FLYBE
Met Office,61.5,1,61.5,Ticket,ECONOMY,17/10/2011,1142,PALERMO,STANSTED,RYANAIR
Met Office,-175.12,-1,-175.12,Ticket,ECONOMY,17/10/2011,-312,GLASGOW,CARDIFF,FLYBE
Met Office,130.1,1,130.1,Ticket,ECONOMY,18/10/2011,490,ZURICH,LONDON - LHR,BRITISH AIRWAYS
Met Office,102.83,1,102.83,Ticket,ECONOMY,20/10/2011,426,LONDON - LGW,ABERDEEN,FLYBE
Met Office,127.48,1,127.48,Ticket,ECONOMY,22/10/2011,244,GLASGOW,EAST MIDLANDS,BMI BABY
Met Office,124.48,1,124.48,Ticket,ECONOMY,22/10/2011,223,EAST MIDLANDS,BELFAST CITY,BMI BABY
Met Office,124.94,1,124.94,Ticket,ECONOMY,23/10/2011,429,BRISTOL,INVERNESS,EASYJET
Met Office,79.99,1,79.99,Ticket,ECONOMY,23/10/2011,568,TOULOUSE,BRISTOL,EASYJET
Met Office,222.68,1,222.68,Ticket,ECONOMY,25/10/2011,312,LONDON - LHR,BELFAST CITY,BRITISH MIDLAND
Met Office,109.5,1,109.5,Ticket,ECONOMY,26/10/2011,266,ABERDEEN,MANCHESTER,BRITISH MIDLAND
Met Office,140.83,1,140.83,Ticket,ECONOMY,27/10/2011,468,LONDON - LGW,INVERNESS,FLYBE
Met Office,46.5,1,46.5,Ticket,ECONOMY,27/10/2011,0,EXETER,ABERDEEN,FLYBE
Met Office,12.99,1,12.99,Ticket,ECONOMY,27/10/2011,0,EXETER,ABERDEEN,FLYBE
Met Office,296.3,1,296.3,Ticket,ECONOMY,28/10/2011,314,BRUSSELS,BRISTOL,BRITISH MIDLAND
Met Office,54.3,1,54.3,Ticket,ECONOMY,28/10/2011,406,LONDON - LHR,FRANKFURT,BRITISH AIRWAYS
Met Office,121,1,121,Ticket,ECONOMY,29/10/2011,440,FRANKFURT,SOUTHAMPTON,FLYBE
Met Office,100,1,100,Ticket,ECONOMY,29/10/2011,0,DENVER,LONDON - LHR,BRITISH AIRWAYS
Met Office,86.36,1,86.36,Ticket,ECONOMY,29/10/2011,266,MANCHESTER,ABERDEEN,FLYBE
Met Office,84.25,1,84.25,Ticket,ECONOMY,29/10/2011,0,ABERDEEN,EXETER,FLYBE
Met Office,12.99,1,12.99,Ticket,ECONOMY,29/10/2011,0,ABERDEEN,EXETER,FLYBE
Met Office,12.99,1,12.99,Ticket,ECONOMY,29/10/2011,0,EXETER,EDINBURGH,FLYBE
Met Office,0.3,1,0.3,Ticket,ECONOMY,29/10/2011,0,DENVER,LONDON - LHR,BRITISH AIRWAYS
Met Office,151.7,1,151.7,Ticket,ECONOMY,01/11/2011,0,BELFAST INTL,BRISTOL,EASYJET
Met Office,134.3,1,134.3,Ticket,ECONOMY,01/11/2011,331,LONDON - LHR,EDINBURGH,BRITISH AIRWAYS
Met Office,98.08,1,98.08,Ticket,ECONOMY,01/11/2011,342,DORTMUND,LUTON,EASYJET
Met Office,90,1,90,Ticket,ECONOMY,01/11/2011,342,DORTMUND,LUTON,EASYJET
Met Office,68,1,68,Ticket,ECONOMY,01/11/2011,0,LONDON - LHR,BEIJING,BRITISH AIRWAYS INTERNET BOOKI
Met Office,-90,-1,-90,Ticket,ECONOMY,01/11/2011,-342,DORTMUND,LUTON,EASYJET
Met Office,62.94,1,62.94,Ticket,ECONOMY,02/11/2011,269,BELFAST INTL,BRISTOL,EASYJET
Met Office,62.3,1,62.3,Ticket,ECONOMY,02/11/2011,406,LONDON - LHR,FRANKFURT,BRITISH AIRWAYS
Met Office,143.11,1,143.11,Ticket,ECONOMY,06/11/2011,363,GLASGOW,SOUTHAMPTON,FLYBE
Met Office,122.87,1,122.87,Ticket,ECONOMY,06/11/2011,260,BIRMINGHAM,GLASGOW,FLYBE
Met Office,111.83,1,111.83,Ticket,ECONOMY,06/11/2011,226,BIRMINGHAM,BELFAST CITY,FLYBE
Met Office,80.29,1,80.29,Ticket,ECONOMY,06/11/2011,440,FRANKFURT,SOUTHAMPTON,FLYBE
Met Office,42.46,1,42.46,Ticket,ECONOMY,06/11/2011,429,BRISTOL,INVERNESS,EASYJET
Met Office,42.46,1,42.46,Ticket,ECONOMY,06/11/2011,429,BRISTOL,INVERNESS,EASYJET
Met Office,31.8,1,31.8,Ticket,ECONOMY,11/11/2011,771,BARCELONA,AMSTERDAM,IBERIA
Met Office,108.13,1,108.13,Ticket,ECONOMY,12/11/2011,1086,LONDON - LHR,GIBRALTAR,BRITISH AIRWAYS
Met Office,108.13,1,108.13,Ticket,ECONOMY,12/11/2011,1086,LONDON - LHR,GIBRALTAR,BRITISH AIRWAYS
Met Office,99.3,1,99.3,Ticket,ECONOMY,14/11/2011,1086,GIBRALTAR,LONDON - LHR,BRITISH AIRWAYS
Met Office,57.76,1,57.76,Ticket,ECONOMY,14/11/2011,368,AMSTERDAM,EXETER,FLYBE
Met Office,107.7,1,107.7,Ticket,ECONOMY,15/11/2011,700,LONDON - LGW,BOLOGNA,BRITISH AIRWAYS
Met Office,58.74,1,58.74,Ticket,ECONOMY,15/11/2011,402,ABERDEEN,LONDON - LHR,BRITISH AIRWAYS
Met Office,58.74,1,58.74,Ticket,ECONOMY,15/11/2011,402,ABERDEEN,LONDON - LHR,BRITISH AIRWAYS
Met Office,73.94,1,73.94,Ticket,ECONOMY,17/11/2011,1067,GIBRALTAR,LONDON - LGW,EASYJET
Met Office,60.24,1,60.24,Ticket,ECONOMY,24/11/2011,874,LONDON - LGW,ROME,EASYJET
Met Office,40.5,1,40.5,Ticket,ECONOMY,24/11/2011,700,BOLOGNA,LONDON - LGW,EASYJET
Met Office,581.53,1,581.53,Ticket,ECONOMY,27/11/2011,3667,LONDON - LHR,WASHINGTON,VIRGIN ATLANTIC
Met Office,581.53,1,581.53,Ticket,ECONOMY,27/11/2011,3667,LONDON - LHR,WASHINGTON,VIRGIN ATLANTIC
Met Office,89.3,1,89.3,Ticket,ECONOMY,27/11/2011,898,ROME,LONDON - LHR,BRITISH AIRWAYS
Met Office,43.49,1,43.49,Ticket,ECONOMY,27/11/2011,229,EXETER,LEEDS,FLYBE
Met Office,116,1,116,Ticket,ECONOMY,01/12/2011,1009,WASHINGTON - NATIONAL,OMAHA,MISC SUPPLIERS
Met Office,116,1,116,Ticket,ECONOMY,01/12/2011,1009,WASHINGTON - NATIONAL,OMAHA,MISC SUPPLIERS
Met Office,70.3,1,70.3,Ticket,ECONOMY,02/12/2011,331,LONDON - LHR,EDINBURGH,BRITISH AIRWAYS
Met Office,-70.3,-1,-70.3,Ticket,ECONOMY,02/12/2011,-331,LONDON - LHR,EDINBURGH,BRITISH AIRWAYS
